data_1,data_2,data_3,data_4,data_5,data_6,data_7,data_8,data_9,data_10,data_11,data_12,data_13,data_14,data_15,data_16,data_17,data_18,data_19,data_20,data_21,data_22,data_23,data_24,data_25,data_26,data_27,data_28,data_29,data_30,data_31,data_32,data_33,data_34,data_35,data_36,data_37,data_38,data_39,data_40,data_41,data_42,data_43,data_44,data_45,data_46,data_47,data_48,data_49,data_50,data_51,data_52,data_53,data_54,data_55
-0.32192034,0.02010217,0.43420267,-0.0078116227,2.0992796,-2.064333,0.7754661,1.1339478,-0.08493754,-4.1978574,1.8352053,1.7069541,-0.87098086,4.745919,-2.3689425,1.749716,1.7052149,-0.27696544,-0.13469613,0.59357417,-2.2181726,2.1875803,0.5795654,0.21988758,-2.559642,1.2816749,2.3037248,0.9954782,4.0563717,-2.3133154,0.7052661,2.9502237,-0.8640052,1.0449302,-0.52974343,0.36024785,4.9674687,4.0405126,5.1794333,1.0231656,3.9923272,6.2934556,0.2664106,3.083987,4.067572,6.9926915,3.9648466,0.1200099,6.552165,0.5268882,8.000506,5.311338,3.5593212,8.373076,4.7988777
