data_1,data_2,data_3,data_4,data_5,data_6,data_7,data_8,data_9,data_10,data_11,data_12,data_13,data_14,data_15,data_16,data_17,data_18,data_19,data_20,data_21,data_22,data_23,data_24,data_25,data_26,data_27,data_28,data_29,data_30,data_31,data_32,data_33,data_34,data_35,data_36,data_37,data_38,data_39,data_40,data_41,data_42,data_43,data_44,data_45,data_46,data_47,data_48,data_49,data_50,data_51,data_52,data_53,data_54,data_55
0.59671474,-0.20483239,1.0305854,-0.8877958,-0.7867368,-1.047502,2.6716015,-1.3220527,2.4057446,-2.6616845,0.33800638,2.4267898,2.9194744,3.294959,0.22530878,-0.514194,0.7796893,0.1546993,-3.4337049,-5.427146,0.8188927,3.1968527,3.5557,-2.0568252,-6.9552855,-6.843215,-1.4608263,-8.246363,4.4164405,0.74376833,-3.2273471,12.25535,-1.8996348,-3.133158,-0.9878916,-10.925616,-2.1390681,-5.7151513,-6.855661,-2.9346356,-7.2356105,7.4781485,-0.81418425,-3.7404027,10.022374,-4.457458,-2.1410637,5.440685,-9.27149,-2.54218,-3.3586721,-3.731542,-0.8149712,3.255829,8.557291
