data_1,data_2,data_3,data_4,data_5,data_6,data_7,data_8,data_9,data_10,data_11,data_12,data_13,data_14,data_15,data_16,data_17,data_18,data_19,data_20,data_21,data_22,data_23,data_24,data_25,data_26,data_27,data_28,data_29,data_30,data_31,data_32,data_33,data_34,data_35,data_36,data_37,data_38,data_39,data_40,data_41,data_42,data_43,data_44,data_45,data_46,data_47,data_48,data_49,data_50,data_51,data_52,data_53,data_54,data_55
-0.34382138,0.06334643,-0.5336081,1.9469582,0.86347675,-0.19525227,2.9600072,2.1900117,3.9074607,2.3969648,3.0646877,4.5129027,-0.18286163,2.751866,3.7554972,4.2039137,4.0346165,0.5007851,5.7369566,1.0526667,-4.1948547,-1.8068839,-5.9877257,-3.7020028,-3.5710714,-2.4221988,6.120866,5.6940722,2.9798005,-4.3344107,2.816451,-5.574412,-1.7993587,-0.3807573,-7.6009197,4.155519,1.6521655,6.463591,-1.8876433,-3.3123174,3.4975038,0.12437618,-0.7776992,-7.4464736,-5.576271,6.317865,-3.1828518,-0.0032479763,4.0654664,2.5618773,-1.168829,2.8311293,-4.698296,4.0601635,-8.781155
