data_1,data_2,data_3,data_4,data_5,data_6,data_7,data_8,data_9,data_10,data_11,data_12,data_13,data_14,data_15,data_16,data_17,data_18,data_19,data_20,data_21,data_22,data_23,data_24,data_25,data_26,data_27,data_28,data_29,data_30,data_31,data_32,data_33,data_34,data_35,data_36,data_37,data_38,data_39,data_40,data_41,data_42,data_43,data_44,data_45,data_46,data_47,data_48,data_49,data_50,data_51,data_52,data_53,data_54,data_55
-0.26580304,-0.09180516,-0.4955039,-0.81376904,0.6776214,-0.25541034,3.324833,0.3027262,-1.8546916,-1.2240669,1.8657744,1.3077853,1.7880261,-3.1440902,0.05102545,1.2769735,3.0386276,1.170677,-3.9965968,4.6196284,-0.5241779,4.7834144,-2.8577194,-2.9592595,7.139277,1.4036403,4.783922,-6.284127,1.6698024,8.150412,4.4182134,3.0018723,-10.251762,3.120438,4.377438,8.240234,3.7455702,-8.203892,3.1120005,-0.2167924,12.16356,2.7636085,-5.043159,-1.8861071,0.33617687,10.831959,7.297049,-3.4028347,-6.4967732,1.8348467,10.499115,7.9136972,-3.7089853,-5.357855,9.031821
