data_1,data_2,data_3,data_4,data_5,data_6,data_7,data_8,data_9,data_10,data_11,data_12,data_13,data_14,data_15,data_16,data_17,data_18,data_19,data_20,data_21,data_22,data_23,data_24,data_25,data_26,data_27,data_28,data_29,data_30,data_31,data_32,data_33,data_34,data_35,data_36,data_37,data_38,data_39,data_40,data_41,data_42,data_43,data_44,data_45,data_46,data_47,data_48,data_49,data_50,data_51,data_52,data_53,data_54,data_55
0.32776287,-0.26356092,2.4166565,-0.22857296,1.6516992,0.0006852001,0.5257605,-3.1357763,1.9118057,-1.777966,0.8593366,0.5472852,3.480212,3.53834,-5.4535856,-0.9572489,-4.1180396,1.3986276,-4.1020203,-5.4113226,1.8028362,2.705611,6.239122,-2.901464,-3.0961502,5.023598,0.44374537,-0.6091151,-5.5199275,-5.4062014,1.5022606,1.7592036,-1.1005617,5.2998853,-2.9729104,1.0431302,7.227606,5.7689276,6.0713034,5.4623833,7.886647,6.441818,-4.341428,2.8131208,3.8262675,-4.8054852,4.063641,-6.5803843,-4.8623023,1.9444019,7.208542,-2.1047459,-2.8889434,-0.37341705,7.439249
