data_1,data_2,data_3,data_4,data_5,data_6,data_7,data_8,data_9,data_10,data_11,data_12,data_13,data_14,data_15,data_16,data_17,data_18,data_19,data_20,data_21,data_22,data_23,data_24,data_25,data_26,data_27,data_28,data_29,data_30,data_31,data_32,data_33,data_34,data_35,data_36,data_37,data_38,data_39,data_40,data_41,data_42,data_43,data_44,data_45,data_46,data_47,data_48,data_49,data_50,data_51,data_52,data_53,data_54,data_55
-0.2756057,0.029550504,1.2441636,-2.3568954,-0.1530165,1.0030184,3.119687,0.74765044,-2.7858052,-1.9543128,2.8905585,0.5259009,1.738753,-2.8493042,5.7014575,-0.4440027,5.337119,-3.394431,-3.3959637,4.3667016,2.732599,3.5377157,-3.3236485,1.6653273,8.368695,2.094564,4.430857,-9.820086,-0.7984519,3.485039,8.184126,4.4751706,-5.537171,4.3750143,4.5742455,8.281531,3.1269825,-10.377684,-2.5352104,0.747908,12.487793,7.1749473,-3.581458,0.47344357,2.8539443,11.447781,4.587697,-8.167367,-7.255642,5.545796,11.075442,12.373915,-5.554418,-3.1283047,7.512111
