data_1,data_2,data_3,data_4,data_5,data_6,data_7,data_8,data_9,data_10,data_11,data_12,data_13,data_14,data_15,data_16,data_17,data_18,data_19,data_20,data_21,data_22,data_23,data_24,data_25,data_26,data_27,data_28,data_29,data_30,data_31,data_32,data_33,data_34,data_35,data_36,data_37,data_38,data_39,data_40,data_41,data_42,data_43,data_44,data_45,data_46,data_47,data_48,data_49,data_50,data_51,data_52,data_53,data_54,data_55
0.19331361,-1.1563867,1.5364987,-2.4042099,2.196797,1.6025509,0.40047196,4.4650183,-1.1654216,-2.632764,1.9292548,-4.465818,3.2779737,1.0562466,-1.882694,0.4974414,-4.3856115,4.626391,-3.6627686,1.2346516,2.152273,-1.6299043,-2.4213433,4.3780136,2.7864683,2.7233298,5.3149056,-4.7435284,0.48263624,-4.463159,-5.8181543,3.2733583,-11.682819,-2.5577734,-2.869322,-7.0341525,9.240495,-6.6367474,-8.409576,2.9281392,-8.638199,-0.34622884,-2.174827,-12.569322,2.9528112,8.35341,-11.162665,-2.2838638,3.994183,6.0231442,-0.46717107,-2.9689586,-0.6169313,-11.290368,-11.013891
