data_1,data_2,data_3,data_4,data_5,data_6,data_7,data_8,data_9,data_10,data_11,data_12,data_13,data_14,data_15,data_16,data_17,data_18,data_19,data_20,data_21,data_22,data_23,data_24,data_25,data_26,data_27,data_28,data_29,data_30,data_31,data_32,data_33,data_34,data_35,data_36,data_37,data_38,data_39,data_40,data_41,data_42,data_43,data_44,data_45,data_46,data_47,data_48,data_49,data_50,data_51,data_52,data_53,data_54,data_55
0.10261165,0.037250258,-0.00063326233,2.9997756,-1.9013088,1.1528113,-1.7548628,-1.4768937,-1.741775,-0.04652287,-2.3045588,4.922832,1.1523315,-2.784286,-0.9470962,3.0383747,3.1332202,-1.7875738,0.72917944,-6.8802137,0.82147074,8.488488,9.614318,5.8308234,1.6452184,8.398112,10.763092,-3.4003417,-0.04949084,4.889158,10.495268,4.4111524,1.5192068,10.315602,-5.188789,-8.377789,-7.0866833,-4.840559,-9.580675,-7.2303753,1.6736178,9.359407,13.969671,3.1893897,-2.9808347,8.395823,-8.621552,-6.7942424,-5.039612,-7.892971,-7.326966,8.913696,9.951329,-10.732448,-4.393333
